Spotify URI,Voter ID,Created,Points Assigned,Comment,Round ID
spotify:track:0wJyFu6JHwUoKQN5X3uzVe,005c1f592f01474a868c991fd8294593,2025-05-05T04:43:05Z,-1,How Terrible.,56b37df7c9a348aa84cb69c3e25ea272
spotify:track:1caT2YklnqZq35IcQ0oRLj,005c1f592f01474a868c991fd8294593,2025-05-05T04:43:05Z,3,,56b37df7c9a348aa84cb69c3e25ea272
spotify:track:1k1Esg0K4Yinvhkk86s7YM,005c1f592f01474a868c991fd8294593,2025-05-05T04:43:05Z,2,,56b37df7c9a348aa84cb69c3e25ea272
spotify:track:2isfZuzjWVxVnKr657VKWO,005c1f592f01474a868c991fd8294593,2025-05-05T04:43:05Z,1,,56b37df7c9a348aa84cb69c3e25ea272
spotify:track:3qCVGiCoLg8x86ZpOoE77k,005c1f592f01474a868c991fd8294593,2025-05-05T04:43:05Z,1,,56b37df7c9a348aa84cb69c3e25ea272
spotify:track:4r4VpAcwrKtvX4klQ9EHUs,005c1f592f01474a868c991fd8294593,2025-05-05T04:43:05Z,0,SMDH,56b37df7c9a348aa84cb69c3e25ea272
spotify:track:56Y3RbWAzciF44Rua5Q2K9,005c1f592f01474a868c991fd8294593,2025-05-05T04:43:05Z,1,,56b37df7c9a348aa84cb69c3e25ea272
spotify:track:5t8kiNskwDKV9fo2mwD3XX,005c1f592f01474a868c991fd8294593,2025-05-05T04:43:05Z,2,,56b37df7c9a348aa84cb69c3e25ea272
spotify:track:6oNvmplQGUkmAh441Teows,005c1f592f01474a868c991fd8294593,2025-05-05T04:43:05Z,0,This should be a Jizz song.,56b37df7c9a348aa84cb69c3e25ea272
spotify:track:6rAy2MsMUabbqu2VygrblP,005c1f592f01474a868c991fd8294593,2025-05-05T04:43:05Z,-1,This should be a Gizz song.,56b37df7c9a348aa84cb69c3e25ea272
spotify:track:0rNww8SMuGZm8GkDWeHtLi,75aaeba84d0d4a42b07bae957a99f791,2025-05-06T20:59:54Z,1,,56b37df7c9a348aa84cb69c3e25ea272
spotify:track:0wJyFu6JHwUoKQN5X3uzVe,75aaeba84d0d4a42b07bae957a99f791,2025-05-06T20:59:54Z,-1,,56b37df7c9a348aa84cb69c3e25ea272
spotify:track:1k1Esg0K4Yinvhkk86s7YM,75aaeba84d0d4a42b07bae957a99f791,2025-05-06T20:59:54Z,1,,56b37df7c9a348aa84cb69c3e25ea272
spotify:track:2nvaMEDGrzvVN8iQD9OKgo,75aaeba84d0d4a42b07bae957a99f791,2025-05-06T20:59:54Z,3,,56b37df7c9a348aa84cb69c3e25ea272
spotify:track:3HariwVbQqkDgVIIy0De3s,75aaeba84d0d4a42b07bae957a99f791,2025-05-06T20:59:54Z,2,"Seeing that I had originally picked Golden Wing, I guess I have to vote for it.",56b37df7c9a348aa84cb69c3e25ea272
spotify:track:6rAy2MsMUabbqu2VygrblP,75aaeba84d0d4a42b07bae957a99f791,2025-05-06T20:59:54Z,-1,,56b37df7c9a348aa84cb69c3e25ea272
spotify:track:7l03mvgdRNMYYzDNwTaBDK,75aaeba84d0d4a42b07bae957a99f791,2025-05-06T20:59:54Z,3,,56b37df7c9a348aa84cb69c3e25ea272
spotify:track:0rNww8SMuGZm8GkDWeHtLi,30b57cc424b243c7bb35e87ed10514e8,2025-05-07T00:08:45Z,2,,56b37df7c9a348aa84cb69c3e25ea272
spotify:track:16tuwlLizmuHZxnAtYzjgm,30b57cc424b243c7bb35e87ed10514e8,2025-05-07T00:08:45Z,2,,56b37df7c9a348aa84cb69c3e25ea272
spotify:track:1caT2YklnqZq35IcQ0oRLj,30b57cc424b243c7bb35e87ed10514e8,2025-05-07T00:08:45Z,2,,56b37df7c9a348aa84cb69c3e25ea272
spotify:track:1k1Esg0K4Yinvhkk86s7YM,30b57cc424b243c7bb35e87ed10514e8,2025-05-07T00:08:45Z,1,,56b37df7c9a348aa84cb69c3e25ea272
spotify:track:1uhYrMGxNSs0l6oaMg36Qv,30b57cc424b243c7bb35e87ed10514e8,2025-05-07T00:08:45Z,0,"Not my favorite from them, and I cannot believe you vote l blew your Budos wad on this before the week of TROMBONERS",56b37df7c9a348aa84cb69c3e25ea272
spotify:track:3bGAl30vb6YTdkYbf9ykql,30b57cc424b243c7bb35e87ed10514e8,2025-05-07T00:08:45Z,1,,56b37df7c9a348aa84cb69c3e25ea272
spotify:track:5t8kiNskwDKV9fo2mwD3XX,30b57cc424b243c7bb35e87ed10514e8,2025-05-07T00:08:45Z,2,,56b37df7c9a348aa84cb69c3e25ea272
spotify:track:6oNvmplQGUkmAh441Teows,30b57cc424b243c7bb35e87ed10514e8,2025-05-07T00:08:45Z,-1,You half-cheated on topicality to use Australia and THIS was the selection?,56b37df7c9a348aa84cb69c3e25ea272
spotify:track:6rAy2MsMUabbqu2VygrblP,30b57cc424b243c7bb35e87ed10514e8,2025-05-07T00:08:45Z,-1,,56b37df7c9a348aa84cb69c3e25ea272
spotify:track:0rNww8SMuGZm8GkDWeHtLi,53cd0cfc1b654a4ab26e98257d6d6d2d,2025-05-07T00:12:20Z,2,,56b37df7c9a348aa84cb69c3e25ea272
spotify:track:1uhYrMGxNSs0l6oaMg36Qv,53cd0cfc1b654a4ab26e98257d6d6d2d,2025-05-07T00:12:20Z,1,,56b37df7c9a348aa84cb69c3e25ea272
spotify:track:2nvaMEDGrzvVN8iQD9OKgo,53cd0cfc1b654a4ab26e98257d6d6d2d,2025-05-07T00:12:20Z,1,Lady Lou Reed.,56b37df7c9a348aa84cb69c3e25ea272
spotify:track:3HariwVbQqkDgVIIy0De3s,53cd0cfc1b654a4ab26e98257d6d6d2d,2025-05-07T00:12:20Z,3,,56b37df7c9a348aa84cb69c3e25ea272
spotify:track:3qCVGiCoLg8x86ZpOoE77k,53cd0cfc1b654a4ab26e98257d6d6d2d,2025-05-07T00:12:20Z,1,,56b37df7c9a348aa84cb69c3e25ea272
spotify:track:4r4VpAcwrKtvX4klQ9EHUs,53cd0cfc1b654a4ab26e98257d6d6d2d,2025-05-07T00:12:20Z,-1,,56b37df7c9a348aa84cb69c3e25ea272
spotify:track:6HLT9xlIi0rBpb3yku39Jj,53cd0cfc1b654a4ab26e98257d6d6d2d,2025-05-07T00:12:20Z,0,"Sorry, Madagascar",56b37df7c9a348aa84cb69c3e25ea272
spotify:track:6NDr9TFelhUdDd3ogTlKcs,53cd0cfc1b654a4ab26e98257d6d6d2d,2025-05-07T00:12:20Z,-1,,56b37df7c9a348aa84cb69c3e25ea272
spotify:track:6oNvmplQGUkmAh441Teows,53cd0cfc1b654a4ab26e98257d6d6d2d,2025-05-07T00:12:20Z,1,,56b37df7c9a348aa84cb69c3e25ea272
spotify:track:7l03mvgdRNMYYzDNwTaBDK,53cd0cfc1b654a4ab26e98257d6d6d2d,2025-05-07T00:12:20Z,1,,56b37df7c9a348aa84cb69c3e25ea272
spotify:track:0rNww8SMuGZm8GkDWeHtLi,d1e35e072eec44ccacb5f5176160ecf6,2025-05-07T00:42:37Z,2,,56b37df7c9a348aa84cb69c3e25ea272
spotify:track:0wJyFu6JHwUoKQN5X3uzVe,d1e35e072eec44ccacb5f5176160ecf6,2025-05-07T00:42:37Z,0,New Zealand!,56b37df7c9a348aa84cb69c3e25ea272
spotify:track:1caT2YklnqZq35IcQ0oRLj,d1e35e072eec44ccacb5f5176160ecf6,2025-05-07T00:42:37Z,0,Cuba!,56b37df7c9a348aa84cb69c3e25ea272
spotify:track:2isfZuzjWVxVnKr657VKWO,d1e35e072eec44ccacb5f5176160ecf6,2025-05-07T00:42:37Z,2,,56b37df7c9a348aa84cb69c3e25ea272
spotify:track:2nvaMEDGrzvVN8iQD9OKgo,d1e35e072eec44ccacb5f5176160ecf6,2025-05-07T00:42:37Z,1,,56b37df7c9a348aa84cb69c3e25ea272
spotify:track:3qCVGiCoLg8x86ZpOoE77k,d1e35e072eec44ccacb5f5176160ecf6,2025-05-07T00:42:37Z,0,Puerto Rico!,56b37df7c9a348aa84cb69c3e25ea272
spotify:track:4r4VpAcwrKtvX4klQ9EHUs,d1e35e072eec44ccacb5f5176160ecf6,2025-05-07T00:42:37Z,-1,,56b37df7c9a348aa84cb69c3e25ea272
spotify:track:56Y3RbWAzciF44Rua5Q2K9,d1e35e072eec44ccacb5f5176160ecf6,2025-05-07T00:42:37Z,1,,56b37df7c9a348aa84cb69c3e25ea272
spotify:track:5t8kiNskwDKV9fo2mwD3XX,d1e35e072eec44ccacb5f5176160ecf6,2025-05-07T00:42:37Z,1,,56b37df7c9a348aa84cb69c3e25ea272
spotify:track:6NDr9TFelhUdDd3ogTlKcs,d1e35e072eec44ccacb5f5176160ecf6,2025-05-07T00:42:37Z,1,,56b37df7c9a348aa84cb69c3e25ea272
spotify:track:6oNvmplQGUkmAh441Teows,d1e35e072eec44ccacb5f5176160ecf6,2025-05-07T00:42:37Z,1,,56b37df7c9a348aa84cb69c3e25ea272
spotify:track:6rAy2MsMUabbqu2VygrblP,d1e35e072eec44ccacb5f5176160ecf6,2025-05-07T00:42:37Z,-1,,56b37df7c9a348aa84cb69c3e25ea272
spotify:track:7l03mvgdRNMYYzDNwTaBDK,d1e35e072eec44ccacb5f5176160ecf6,2025-05-07T00:42:37Z,1,,56b37df7c9a348aa84cb69c3e25ea272
spotify:track:0rNww8SMuGZm8GkDWeHtLi,2cb5e7dcadc846b4bb172ff2181acaea,2025-05-07T01:34:51Z,-1,,56b37df7c9a348aa84cb69c3e25ea272
spotify:track:16tuwlLizmuHZxnAtYzjgm,2cb5e7dcadc846b4bb172ff2181acaea,2025-05-07T01:34:51Z,2,,56b37df7c9a348aa84cb69c3e25ea272
spotify:track:3qCVGiCoLg8x86ZpOoE77k,2cb5e7dcadc846b4bb172ff2181acaea,2025-05-07T01:34:51Z,1,,56b37df7c9a348aa84cb69c3e25ea272
spotify:track:56Y3RbWAzciF44Rua5Q2K9,2cb5e7dcadc846b4bb172ff2181acaea,2025-05-07T01:34:51Z,1,,56b37df7c9a348aa84cb69c3e25ea272
spotify:track:5OnyZ56HLhrWOXdzeETqLk,2cb5e7dcadc846b4bb172ff2181acaea,2025-05-07T01:34:51Z,2,,56b37df7c9a348aa84cb69c3e25ea272
spotify:track:5t8kiNskwDKV9fo2mwD3XX,2cb5e7dcadc846b4bb172ff2181acaea,2025-05-07T01:34:51Z,1,,56b37df7c9a348aa84cb69c3e25ea272
spotify:track:6HLT9xlIi0rBpb3yku39Jj,2cb5e7dcadc846b4bb172ff2181acaea,2025-05-07T01:34:51Z,2,,56b37df7c9a348aa84cb69c3e25ea272
spotify:track:6NDr9TFelhUdDd3ogTlKcs,2cb5e7dcadc846b4bb172ff2181acaea,2025-05-07T01:34:51Z,1,,56b37df7c9a348aa84cb69c3e25ea272
spotify:track:777CslXv5rKlZEW53Rv2PE,2cb5e7dcadc846b4bb172ff2181acaea,2025-05-07T01:34:51Z,-1,,56b37df7c9a348aa84cb69c3e25ea272
spotify:track:0YW7VxBiwtaMEvFalp0SAu,005c1f592f01474a868c991fd8294593,2025-05-13T12:16:00Z,1,,f5a2d9d3097b4ace8607cf7852d96e5c
spotify:track:2gU7NlzNZCkeGf40RcwyXn,005c1f592f01474a868c991fd8294593,2025-05-13T12:16:00Z,2,,f5a2d9d3097b4ace8607cf7852d96e5c
spotify:track:2KrsMeItm3gauDyrXWx99Z,005c1f592f01474a868c991fd8294593,2025-05-13T12:16:00Z,-1,,f5a2d9d3097b4ace8607cf7852d96e5c
spotify:track:33TDAUeConyLclvr9GyvmZ,005c1f592f01474a868c991fd8294593,2025-05-13T12:16:00Z,2,,f5a2d9d3097b4ace8607cf7852d96e5c
spotify:track:38YqXnZeq4hGiIzvTMdqvq,005c1f592f01474a868c991fd8294593,2025-05-13T12:16:00Z,1,,f5a2d9d3097b4ace8607cf7852d96e5c
spotify:track:3SCoqQshzyJaeaVuUM9VLu,005c1f592f01474a868c991fd8294593,2025-05-13T12:16:00Z,2,"""These lyrics are not available in your region currently. LyricFind is trying to make it available. Please check again later"" but Imma take your word for it.",f5a2d9d3097b4ace8607cf7852d96e5c
spotify:track:67VxWciiaYZYy3NTlyCtp7,005c1f592f01474a868c991fd8294593,2025-05-13T12:16:00Z,1,,f5a2d9d3097b4ace8607cf7852d96e5c
spotify:track:7C6hHmGVWw4SzewfvFU2Hc,005c1f592f01474a868c991fd8294593,2025-05-13T12:16:00Z,1,,f5a2d9d3097b4ace8607cf7852d96e5c
spotify:track:7L60tCJco3oUvJy0OF6Vvq,005c1f592f01474a868c991fd8294593,2025-05-13T12:16:00Z,-1,I wish you wouldn't ,f5a2d9d3097b4ace8607cf7852d96e5c
spotify:track:0YW7VxBiwtaMEvFalp0SAu,30b57cc424b243c7bb35e87ed10514e8,2025-05-13T14:29:18Z,1,,f5a2d9d3097b4ace8607cf7852d96e5c
spotify:track:2gU7NlzNZCkeGf40RcwyXn,30b57cc424b243c7bb35e87ed10514e8,2025-05-13T14:29:18Z,1,,f5a2d9d3097b4ace8607cf7852d96e5c
spotify:track:2KrsMeItm3gauDyrXWx99Z,30b57cc424b243c7bb35e87ed10514e8,2025-05-13T14:29:18Z,2,,f5a2d9d3097b4ace8607cf7852d96e5c
spotify:track:2qOm7ukLyHUXWyR4ZWLwxA,30b57cc424b243c7bb35e87ed10514e8,2025-05-13T14:29:18Z,-1,,f5a2d9d3097b4ace8607cf7852d96e5c
spotify:track:2ZnEPfXm1CZzhGOn1Ay4mZ,30b57cc424b243c7bb35e87ed10514e8,2025-05-13T14:29:18Z,2,,f5a2d9d3097b4ace8607cf7852d96e5c
spotify:track:5WtjJrwJvlKqTBl92Wmlc8,30b57cc424b243c7bb35e87ed10514e8,2025-05-13T14:29:18Z,1,,f5a2d9d3097b4ace8607cf7852d96e5c
spotify:track:67VxWciiaYZYy3NTlyCtp7,30b57cc424b243c7bb35e87ed10514e8,2025-05-13T14:29:18Z,1,,f5a2d9d3097b4ace8607cf7852d96e5c
spotify:track:7jtFvHuoIHkOkgJq27TEdk,30b57cc424b243c7bb35e87ed10514e8,2025-05-13T14:29:18Z,1,,f5a2d9d3097b4ace8607cf7852d96e5c
spotify:track:7KJW1e0phLPF8PW1FKe4SJ,30b57cc424b243c7bb35e87ed10514e8,2025-05-13T14:29:18Z,1,,f5a2d9d3097b4ace8607cf7852d96e5c
spotify:track:7L60tCJco3oUvJy0OF6Vvq,30b57cc424b243c7bb35e87ed10514e8,2025-05-13T14:29:18Z,-1,,f5a2d9d3097b4ace8607cf7852d96e5c
spotify:track:2gU7NlzNZCkeGf40RcwyXn,75aaeba84d0d4a42b07bae957a99f791,2025-05-13T19:35:07Z,3,,f5a2d9d3097b4ace8607cf7852d96e5c
spotify:track:2KrsMeItm3gauDyrXWx99Z,75aaeba84d0d4a42b07bae957a99f791,2025-05-13T19:35:07Z,1,,f5a2d9d3097b4ace8607cf7852d96e5c
spotify:track:2ZnEPfXm1CZzhGOn1Ay4mZ,75aaeba84d0d4a42b07bae957a99f791,2025-05-13T19:35:07Z,1,,f5a2d9d3097b4ace8607cf7852d96e5c
spotify:track:33TDAUeConyLclvr9GyvmZ,75aaeba84d0d4a42b07bae957a99f791,2025-05-13T19:35:07Z,2,,f5a2d9d3097b4ace8607cf7852d96e5c
spotify:track:38YqXnZeq4hGiIzvTMdqvq,75aaeba84d0d4a42b07bae957a99f791,2025-05-13T19:35:07Z,-1,,f5a2d9d3097b4ace8607cf7852d96e5c
spotify:track:7C6hHmGVWw4SzewfvFU2Hc,75aaeba84d0d4a42b07bae957a99f791,2025-05-13T19:35:07Z,1,,f5a2d9d3097b4ace8607cf7852d96e5c
spotify:track:7jtFvHuoIHkOkgJq27TEdk,75aaeba84d0d4a42b07bae957a99f791,2025-05-13T19:35:07Z,2,,f5a2d9d3097b4ace8607cf7852d96e5c
spotify:track:7KJW1e0phLPF8PW1FKe4SJ,75aaeba84d0d4a42b07bae957a99f791,2025-05-13T19:35:07Z,-1,,f5a2d9d3097b4ace8607cf7852d96e5c
spotify:track:0DiWol3AO6WpXZgp0goxAV,5d5638b12d18438d9e443eb2cda1167c,2025-05-13T21:02:14Z,-1,,f5a2d9d3097b4ace8607cf7852d96e5c
spotify:track:0YW7VxBiwtaMEvFalp0SAu,5d5638b12d18438d9e443eb2cda1167c,2025-05-13T21:02:14Z,2,,f5a2d9d3097b4ace8607cf7852d96e5c
spotify:track:2qOm7ukLyHUXWyR4ZWLwxA,5d5638b12d18438d9e443eb2cda1167c,2025-05-13T21:02:14Z,-1,,f5a2d9d3097b4ace8607cf7852d96e5c
spotify:track:38YqXnZeq4hGiIzvTMdqvq,5d5638b12d18438d9e443eb2cda1167c,2025-05-13T21:02:14Z,2,It resonates.,f5a2d9d3097b4ace8607cf7852d96e5c
spotify:track:5WtjJrwJvlKqTBl92Wmlc8,5d5638b12d18438d9e443eb2cda1167c,2025-05-13T21:02:14Z,1,,f5a2d9d3097b4ace8607cf7852d96e5c
spotify:track:7C6hHmGVWw4SzewfvFU2Hc,5d5638b12d18438d9e443eb2cda1167c,2025-05-13T21:02:14Z,2,Lyrics good.,f5a2d9d3097b4ace8607cf7852d96e5c
spotify:track:7L60tCJco3oUvJy0OF6Vvq,5d5638b12d18438d9e443eb2cda1167c,2025-05-13T21:02:14Z,3,The lyrics induce a sensible chuckle but what I really enjoyed was how overstuffed this is with every 70s soft rock trope.,f5a2d9d3097b4ace8607cf7852d96e5c
spotify:track:2qOm7ukLyHUXWyR4ZWLwxA,53cd0cfc1b654a4ab26e98257d6d6d2d,2025-05-13T21:32:25Z,1,,f5a2d9d3097b4ace8607cf7852d96e5c
spotify:track:38YqXnZeq4hGiIzvTMdqvq,53cd0cfc1b654a4ab26e98257d6d6d2d,2025-05-13T21:32:25Z,2,,f5a2d9d3097b4ace8607cf7852d96e5c
spotify:track:5mgIyl311SDCL2oZ3NXkBO,53cd0cfc1b654a4ab26e98257d6d6d2d,2025-05-13T21:32:25Z,-2,,f5a2d9d3097b4ace8607cf7852d96e5c
spotify:track:5WtjJrwJvlKqTBl92Wmlc8,53cd0cfc1b654a4ab26e98257d6d6d2d,2025-05-13T21:32:25Z,1,,f5a2d9d3097b4ace8607cf7852d96e5c
spotify:track:67VxWciiaYZYy3NTlyCtp7,53cd0cfc1b654a4ab26e98257d6d6d2d,2025-05-13T21:32:25Z,4,,f5a2d9d3097b4ace8607cf7852d96e5c
spotify:track:7jtFvHuoIHkOkgJq27TEdk,53cd0cfc1b654a4ab26e98257d6d6d2d,2025-05-13T21:32:25Z,1,,f5a2d9d3097b4ace8607cf7852d96e5c
spotify:track:7L60tCJco3oUvJy0OF6Vvq,53cd0cfc1b654a4ab26e98257d6d6d2d,2025-05-13T21:32:25Z,1,,f5a2d9d3097b4ace8607cf7852d96e5c
spotify:track:0DiWol3AO6WpXZgp0goxAV,2cb5e7dcadc846b4bb172ff2181acaea,2025-05-14T00:20:43Z,-1,Familiarity breeds a downvote,f5a2d9d3097b4ace8607cf7852d96e5c
spotify:track:0s9aeZriwqyBYfxFzsd20R,2cb5e7dcadc846b4bb172ff2181acaea,2025-05-14T00:20:43Z,2,,f5a2d9d3097b4ace8607cf7852d96e5c
spotify:track:0YW7VxBiwtaMEvFalp0SAu,2cb5e7dcadc846b4bb172ff2181acaea,2025-05-14T00:20:43Z,-1,,f5a2d9d3097b4ace8607cf7852d96e5c
spotify:track:2gU7NlzNZCkeGf40RcwyXn,2cb5e7dcadc846b4bb172ff2181acaea,2025-05-14T00:20:43Z,1,She just give up all control,f5a2d9d3097b4ace8607cf7852d96e5c
spotify:track:2ZJvsgB3AxPDbeO5OzjpGY,2cb5e7dcadc846b4bb172ff2181acaea,2025-05-14T00:20:43Z,1,,f5a2d9d3097b4ace8607cf7852d96e5c
spotify:track:3SCoqQshzyJaeaVuUM9VLu,2cb5e7dcadc846b4bb172ff2181acaea,2025-05-14T00:20:43Z,3,,f5a2d9d3097b4ace8607cf7852d96e5c
spotify:track:7C6hHmGVWw4SzewfvFU2Hc,2cb5e7dcadc846b4bb172ff2181acaea,2025-05-14T00:20:43Z,1,"I like this song, I feel very strongly that it should be 4:15 long",f5a2d9d3097b4ace8607cf7852d96e5c
spotify:track:7jtFvHuoIHkOkgJq27TEdk,2cb5e7dcadc846b4bb172ff2181acaea,2025-05-14T00:20:43Z,2,,f5a2d9d3097b4ace8607cf7852d96e5c
spotify:track:0vbM5oTKb4wFXnBKcvybGZ,cee72f0860f3446ba0b479dd918807be,2025-05-14T01:00:05Z,-1,,f5a2d9d3097b4ace8607cf7852d96e5c
spotify:track:0YW7VxBiwtaMEvFalp0SAu,cee72f0860f3446ba0b479dd918807be,2025-05-14T01:00:05Z,1,,f5a2d9d3097b4ace8607cf7852d96e5c
spotify:track:2KrsMeItm3gauDyrXWx99Z,cee72f0860f3446ba0b479dd918807be,2025-05-14T01:00:05Z,2,,f5a2d9d3097b4ace8607cf7852d96e5c
spotify:track:2ZJvsgB3AxPDbeO5OzjpGY,cee72f0860f3446ba0b479dd918807be,2025-05-14T01:00:05Z,1,,f5a2d9d3097b4ace8607cf7852d96e5c
spotify:track:33TDAUeConyLclvr9GyvmZ,cee72f0860f3446ba0b479dd918807be,2025-05-14T01:00:05Z,1,,f5a2d9d3097b4ace8607cf7852d96e5c
spotify:track:38YqXnZeq4hGiIzvTMdqvq,cee72f0860f3446ba0b479dd918807be,2025-05-14T01:00:05Z,-1,,f5a2d9d3097b4ace8607cf7852d96e5c
spotify:track:3EVNUWzRLvdiHwD1qQDQ7f,cee72f0860f3446ba0b479dd918807be,2025-05-14T01:00:05Z,1,,f5a2d9d3097b4ace8607cf7852d96e5c
spotify:track:5mgIyl311SDCL2oZ3NXkBO,cee72f0860f3446ba0b479dd918807be,2025-05-14T01:00:05Z,1,,f5a2d9d3097b4ace8607cf7852d96e5c
spotify:track:7C6hHmGVWw4SzewfvFU2Hc,cee72f0860f3446ba0b479dd918807be,2025-05-14T01:00:05Z,2,,f5a2d9d3097b4ace8607cf7852d96e5c
spotify:track:7jtFvHuoIHkOkgJq27TEdk,cee72f0860f3446ba0b479dd918807be,2025-05-14T01:00:05Z,1,,f5a2d9d3097b4ace8607cf7852d96e5c
spotify:track:2dn3XFGmBIiY3soBv8hkg4,75aaeba84d0d4a42b07bae957a99f791,2025-05-20T19:59:38Z,1,,2e0a32162b164cdcb89047ca96fa2b36
spotify:track:3NZLh15YO6RJoA5pDBUutL,75aaeba84d0d4a42b07bae957a99f791,2025-05-20T19:59:38Z,1,,2e0a32162b164cdcb89047ca96fa2b36
spotify:track:4EDhPDlCB6kXwn9q9LpQ0S,75aaeba84d0d4a42b07bae957a99f791,2025-05-20T19:59:38Z,1,,2e0a32162b164cdcb89047ca96fa2b36
spotify:track:4gGfP5EuyPAlo1P0m5xFYu,75aaeba84d0d4a42b07bae957a99f791,2025-05-20T19:59:38Z,3,,2e0a32162b164cdcb89047ca96fa2b36
spotify:track:4uGPJEjk4OW1EH7ANQKUzq,75aaeba84d0d4a42b07bae957a99f791,2025-05-20T19:59:38Z,1,,2e0a32162b164cdcb89047ca96fa2b36
spotify:track:5hCgm1tDb7ZZKmRtucTTjh,75aaeba84d0d4a42b07bae957a99f791,2025-05-20T19:59:38Z,3,,2e0a32162b164cdcb89047ca96fa2b36
spotify:track:6WL8ex03Zfo4jHYRt7eC6F,75aaeba84d0d4a42b07bae957a99f791,2025-05-20T19:59:38Z,-1,,2e0a32162b164cdcb89047ca96fa2b36
spotify:track:7h5crXBSY5SSpXRIlklv74,75aaeba84d0d4a42b07bae957a99f791,2025-05-20T19:59:38Z,-1,,2e0a32162b164cdcb89047ca96fa2b36
spotify:track:69cch6k42gc8makrtVixC4,005c1f592f01474a868c991fd8294593,2025-05-20T20:59:03Z,3,Better every time. Very nice. ,2e0a32162b164cdcb89047ca96fa2b36
spotify:track:3cDx1UYNPhCfO2tfbmKCTC,005c1f592f01474a868c991fd8294593,2025-05-20T20:59:03Z,2,"I wanted to dislike it, but it's infectious fun.",2e0a32162b164cdcb89047ca96fa2b36
spotify:track:41XPLxAYGkZ8xeUHqDmKtA,005c1f592f01474a868c991fd8294593,2025-05-20T20:59:03Z,0,Low brass not confirmed.,2e0a32162b164cdcb89047ca96fa2b36
spotify:track:4EDhPDlCB6kXwn9q9LpQ0S,005c1f592f01474a868c991fd8294593,2025-05-20T20:59:03Z,2,,2e0a32162b164cdcb89047ca96fa2b36
spotify:track:4gGfP5EuyPAlo1P0m5xFYu,005c1f592f01474a868c991fd8294593,2025-05-20T20:59:03Z,1,I love this song but that's a saxophone and a synth dog. Imma give it a point anyway.,2e0a32162b164cdcb89047ca96fa2b36
spotify:track:4uGPJEjk4OW1EH7ANQKUzq,005c1f592f01474a868c991fd8294593,2025-05-20T20:59:03Z,-2,,2e0a32162b164cdcb89047ca96fa2b36
spotify:track:4WkBjjVQKyulXF0VbJJ7pO,005c1f592f01474a868c991fd8294593,2025-05-20T20:59:03Z,0,"""The Budos Band's instrumentation features drums, bass guitar, electric guitar, organ, baritone saxophone, two trumpets, and a percussion section with bongos, congas, tambourine, guiro, clave, shekere, and cowbell.""",2e0a32162b164cdcb89047ca96fa2b36
spotify:track:5hCgm1tDb7ZZKmRtucTTjh,005c1f592f01474a868c991fd8294593,2025-05-20T20:59:03Z,1,Low-brass confirmed; have a point.,2e0a32162b164cdcb89047ca96fa2b36
spotify:track:6WL8ex03Zfo4jHYRt7eC6F,005c1f592f01474a868c991fd8294593,2025-05-20T20:59:03Z,1,This song is obnoxious as hell and so is this cover. Point for low-brass. ,2e0a32162b164cdcb89047ca96fa2b36
spotify:track:7FY4Jmu7iWfgi0xDiK77QY,005c1f592f01474a868c991fd8294593,2025-05-20T20:59:03Z,0,Is the low brass in the song with you?,2e0a32162b164cdcb89047ca96fa2b36
spotify:track:0KIPa0YuQ5QFmlAqRyXNd9,d1e35e072eec44ccacb5f5176160ecf6,2025-05-20T21:09:22Z,1,,2e0a32162b164cdcb89047ca96fa2b36
spotify:track:1b2DcWlzQA8uVG7kNiAynz,d1e35e072eec44ccacb5f5176160ecf6,2025-05-20T21:09:22Z,0,That is fascinating. And I'm now trying to remember whether one person has been responsible for all of the past tracks trolling Tommy. If so I'll give you a point next time.,2e0a32162b164cdcb89047ca96fa2b36
spotify:track:3cDx1UYNPhCfO2tfbmKCTC,d1e35e072eec44ccacb5f5176160ecf6,2025-05-20T21:09:22Z,0,Almost fun but the horns are too yakety sax.,2e0a32162b164cdcb89047ca96fa2b36
spotify:track:4gGfP5EuyPAlo1P0m5xFYu,d1e35e072eec44ccacb5f5176160ecf6,2025-05-20T21:09:22Z,3,,2e0a32162b164cdcb89047ca96fa2b36
spotify:track:4uGPJEjk4OW1EH7ANQKUzq,d1e35e072eec44ccacb5f5176160ecf6,2025-05-20T21:09:22Z,1,,2e0a32162b164cdcb89047ca96fa2b36
spotify:track:4WkBjjVQKyulXF0VbJJ7pO,d1e35e072eec44ccacb5f5176160ecf6,2025-05-20T21:09:22Z,2,,2e0a32162b164cdcb89047ca96fa2b36
spotify:track:5qh4q09WZTUMCkqXWR4l6l,d1e35e072eec44ccacb5f5176160ecf6,2025-05-20T21:09:22Z,1,,2e0a32162b164cdcb89047ca96fa2b36
spotify:track:6aHi6zjc8pFiQHmR4Ku6Ir,d1e35e072eec44ccacb5f5176160ecf6,2025-05-20T21:09:22Z,1,,2e0a32162b164cdcb89047ca96fa2b36
spotify:track:7a5VuzvBrtbqYT7kNlQlFd,d1e35e072eec44ccacb5f5176160ecf6,2025-05-20T21:09:22Z,-1,,2e0a32162b164cdcb89047ca96fa2b36
spotify:track:7eOtKm3fNAeAhAoIZmJuEY,d1e35e072eec44ccacb5f5176160ecf6,2025-05-20T21:09:22Z,1,,2e0a32162b164cdcb89047ca96fa2b36
spotify:track:7h5crXBSY5SSpXRIlklv74,d1e35e072eec44ccacb5f5176160ecf6,2025-05-20T21:09:22Z,-1,,2e0a32162b164cdcb89047ca96fa2b36
spotify:track:0KIPa0YuQ5QFmlAqRyXNd9,30b57cc424b243c7bb35e87ed10514e8,2025-05-20T21:15:10Z,1,,2e0a32162b164cdcb89047ca96fa2b36
spotify:track:1b2DcWlzQA8uVG7kNiAynz,30b57cc424b243c7bb35e87ed10514e8,2025-05-20T21:15:10Z,1,,2e0a32162b164cdcb89047ca96fa2b36
spotify:track:3omy6pShgsEZITVrtiGyqF,30b57cc424b243c7bb35e87ed10514e8,2025-05-20T21:15:10Z,0,"I listened to a bunch of trombone techno to prepare for this week, and this track didn't do it for me. ",2e0a32162b164cdcb89047ca96fa2b36
spotify:track:41XPLxAYGkZ8xeUHqDmKtA,30b57cc424b243c7bb35e87ed10514e8,2025-05-20T21:15:10Z,1,,2e0a32162b164cdcb89047ca96fa2b36
spotify:track:4uGPJEjk4OW1EH7ANQKUzq,30b57cc424b243c7bb35e87ed10514e8,2025-05-20T21:15:10Z,-1,,2e0a32162b164cdcb89047ca96fa2b36
spotify:track:5y0sNukhYLintA7ihvQmbT,30b57cc424b243c7bb35e87ed10514e8,2025-05-20T21:15:10Z,2,,2e0a32162b164cdcb89047ca96fa2b36
spotify:track:6bWjr4qT4d58NuPEepedEr,30b57cc424b243c7bb35e87ed10514e8,2025-05-20T21:15:10Z,2,,2e0a32162b164cdcb89047ca96fa2b36
spotify:track:7eOtKm3fNAeAhAoIZmJuEY,30b57cc424b243c7bb35e87ed10514e8,2025-05-20T21:15:10Z,2,,2e0a32162b164cdcb89047ca96fa2b36
spotify:track:7FY4Jmu7iWfgi0xDiK77QY,30b57cc424b243c7bb35e87ed10514e8,2025-05-20T21:15:10Z,-1,Downvote for losing the head-to-head Beirut battle. Somehow you picked one of their least horny tracks,2e0a32162b164cdcb89047ca96fa2b36
spotify:track:7h5crXBSY5SSpXRIlklv74,30b57cc424b243c7bb35e87ed10514e8,2025-05-20T21:15:10Z,1,,2e0a32162b164cdcb89047ca96fa2b36
spotify:track:69cch6k42gc8makrtVixC4,53cd0cfc1b654a4ab26e98257d6d6d2d,2025-05-21T00:16:18Z,-1,,2e0a32162b164cdcb89047ca96fa2b36
spotify:track:6WL8ex03Zfo4jHYRt7eC6F,53cd0cfc1b654a4ab26e98257d6d6d2d,2025-05-21T00:16:18Z,1,,2e0a32162b164cdcb89047ca96fa2b36
spotify:track:7a5VuzvBrtbqYT7kNlQlFd,53cd0cfc1b654a4ab26e98257d6d6d2d,2025-05-21T00:16:18Z,1,,2e0a32162b164cdcb89047ca96fa2b36
spotify:track:7h5crXBSY5SSpXRIlklv74,53cd0cfc1b654a4ab26e98257d6d6d2d,2025-05-21T00:16:18Z,3,,2e0a32162b164cdcb89047ca96fa2b36
spotify:track:7nL2JWzSxZOOiVQU5NlfYA,53cd0cfc1b654a4ab26e98257d6d6d2d,2025-05-21T00:16:18Z,1,,2e0a32162b164cdcb89047ca96fa2b36
spotify:track:0KIPa0YuQ5QFmlAqRyXNd9,53cd0cfc1b654a4ab26e98257d6d6d2d,2025-05-21T00:16:18Z,1,,2e0a32162b164cdcb89047ca96fa2b36
spotify:track:1b2DcWlzQA8uVG7kNiAynz,53cd0cfc1b654a4ab26e98257d6d6d2d,2025-05-21T00:16:18Z,1,,2e0a32162b164cdcb89047ca96fa2b36
spotify:track:2dn3XFGmBIiY3soBv8hkg4,53cd0cfc1b654a4ab26e98257d6d6d2d,2025-05-21T00:16:18Z,1,,2e0a32162b164cdcb89047ca96fa2b36
spotify:track:3omy6pShgsEZITVrtiGyqF,53cd0cfc1b654a4ab26e98257d6d6d2d,2025-05-21T00:16:18Z,1,Honestly I don’t care if some of this is sax.,2e0a32162b164cdcb89047ca96fa2b36
spotify:track:5y0sNukhYLintA7ihvQmbT,53cd0cfc1b654a4ab26e98257d6d6d2d,2025-05-21T00:16:18Z,-1,Nah.,2e0a32162b164cdcb89047ca96fa2b36
spotify:track:1b2DcWlzQA8uVG7kNiAynz,2cb5e7dcadc846b4bb172ff2181acaea,2025-05-21T01:24:51Z,0,Gene Pokorny crew rise up,2e0a32162b164cdcb89047ca96fa2b36
spotify:track:3cDx1UYNPhCfO2tfbmKCTC,2cb5e7dcadc846b4bb172ff2181acaea,2025-05-21T01:24:51Z,-1,,2e0a32162b164cdcb89047ca96fa2b36
spotify:track:4uGPJEjk4OW1EH7ANQKUzq,2cb5e7dcadc846b4bb172ff2181acaea,2025-05-21T01:24:51Z,0,BROWN NOTE No. TWO,2e0a32162b164cdcb89047ca96fa2b36
spotify:track:5qh4q09WZTUMCkqXWR4l6l,2cb5e7dcadc846b4bb172ff2181acaea,2025-05-21T01:24:51Z,-1,,2e0a32162b164cdcb89047ca96fa2b36
spotify:track:5y0sNukhYLintA7ihvQmbT,2cb5e7dcadc846b4bb172ff2181acaea,2025-05-21T01:24:51Z,1,,2e0a32162b164cdcb89047ca96fa2b36
spotify:track:6WL8ex03Zfo4jHYRt7eC6F,2cb5e7dcadc846b4bb172ff2181acaea,2025-05-21T01:24:51Z,3,,2e0a32162b164cdcb89047ca96fa2b36
spotify:track:7eOtKm3fNAeAhAoIZmJuEY,2cb5e7dcadc846b4bb172ff2181acaea,2025-05-21T01:24:51Z,2,,2e0a32162b164cdcb89047ca96fa2b36
spotify:track:7h5crXBSY5SSpXRIlklv74,2cb5e7dcadc846b4bb172ff2181acaea,2025-05-21T01:24:51Z,3,,2e0a32162b164cdcb89047ca96fa2b36
spotify:track:7nL2JWzSxZOOiVQU5NlfYA,2cb5e7dcadc846b4bb172ff2181acaea,2025-05-21T01:24:51Z,1,,2e0a32162b164cdcb89047ca96fa2b36
spotify:track:0KIPa0YuQ5QFmlAqRyXNd9,5d5638b12d18438d9e443eb2cda1167c,2025-05-21T01:34:34Z,2,,2e0a32162b164cdcb89047ca96fa2b36
spotify:track:24LDPVMwvoFOLzqsi6ll3I,5d5638b12d18438d9e443eb2cda1167c,2025-05-21T01:34:34Z,1,,2e0a32162b164cdcb89047ca96fa2b36
spotify:track:3NZLh15YO6RJoA5pDBUutL,5d5638b12d18438d9e443eb2cda1167c,2025-05-21T01:34:34Z,1,,2e0a32162b164cdcb89047ca96fa2b36
spotify:track:4EDhPDlCB6kXwn9q9LpQ0S,5d5638b12d18438d9e443eb2cda1167c,2025-05-21T01:34:34Z,2,,2e0a32162b164cdcb89047ca96fa2b36
spotify:track:4gGfP5EuyPAlo1P0m5xFYu,5d5638b12d18438d9e443eb2cda1167c,2025-05-21T01:34:34Z,2,,2e0a32162b164cdcb89047ca96fa2b36
spotify:track:4uGPJEjk4OW1EH7ANQKUzq,5d5638b12d18438d9e443eb2cda1167c,2025-05-21T01:34:34Z,-1,Fartttt,2e0a32162b164cdcb89047ca96fa2b36
spotify:track:5y0sNukhYLintA7ihvQmbT,5d5638b12d18438d9e443eb2cda1167c,2025-05-21T01:34:34Z,1,,2e0a32162b164cdcb89047ca96fa2b36
spotify:track:7FY4Jmu7iWfgi0xDiK77QY,5d5638b12d18438d9e443eb2cda1167c,2025-05-21T01:34:34Z,-1,Good song but where is the low brass,2e0a32162b164cdcb89047ca96fa2b36
spotify:track:7nL2JWzSxZOOiVQU5NlfYA,5d5638b12d18438d9e443eb2cda1167c,2025-05-21T01:34:34Z,1,,2e0a32162b164cdcb89047ca96fa2b36
spotify:track:0KIPa0YuQ5QFmlAqRyXNd9,cee72f0860f3446ba0b479dd918807be,2025-05-21T01:47:07Z,1,,2e0a32162b164cdcb89047ca96fa2b36
spotify:track:24LDPVMwvoFOLzqsi6ll3I,cee72f0860f3446ba0b479dd918807be,2025-05-21T01:47:07Z,1,,2e0a32162b164cdcb89047ca96fa2b36
spotify:track:2dn3XFGmBIiY3soBv8hkg4,cee72f0860f3446ba0b479dd918807be,2025-05-21T01:47:07Z,1,,2e0a32162b164cdcb89047ca96fa2b36
spotify:track:4EDhPDlCB6kXwn9q9LpQ0S,cee72f0860f3446ba0b479dd918807be,2025-05-21T01:47:07Z,1,,2e0a32162b164cdcb89047ca96fa2b36
spotify:track:4gGfP5EuyPAlo1P0m5xFYu,cee72f0860f3446ba0b479dd918807be,2025-05-21T01:47:07Z,1,,2e0a32162b164cdcb89047ca96fa2b36
spotify:track:4uGPJEjk4OW1EH7ANQKUzq,cee72f0860f3446ba0b479dd918807be,2025-05-21T01:47:07Z,-1,,2e0a32162b164cdcb89047ca96fa2b36
spotify:track:4WkBjjVQKyulXF0VbJJ7pO,cee72f0860f3446ba0b479dd918807be,2025-05-21T01:47:07Z,1,,2e0a32162b164cdcb89047ca96fa2b36
spotify:track:5qh4q09WZTUMCkqXWR4l6l,cee72f0860f3446ba0b479dd918807be,2025-05-21T01:47:07Z,1,,2e0a32162b164cdcb89047ca96fa2b36
spotify:track:69cch6k42gc8makrtVixC4,cee72f0860f3446ba0b479dd918807be,2025-05-21T01:47:07Z,1,,2e0a32162b164cdcb89047ca96fa2b36
spotify:track:6WL8ex03Zfo4jHYRt7eC6F,cee72f0860f3446ba0b479dd918807be,2025-05-21T01:47:07Z,-1,,2e0a32162b164cdcb89047ca96fa2b36
spotify:track:7a5VuzvBrtbqYT7kNlQlFd,cee72f0860f3446ba0b479dd918807be,2025-05-21T01:47:07Z,1,,2e0a32162b164cdcb89047ca96fa2b36
spotify:track:7FY4Jmu7iWfgi0xDiK77QY,cee72f0860f3446ba0b479dd918807be,2025-05-21T01:47:07Z,1,,2e0a32162b164cdcb89047ca96fa2b36
spotify:track:1JGGsCZ9zhgPJIsPy0pwt9,30b57cc424b243c7bb35e87ed10514e8,2025-05-27T12:20:19Z,-1,"From the Reddit thread: ""Yeah ngl my mrs came to check up on me when i found this, she thought Id had a seizure, but Id just run all the way out of laughs, and was silent laughing uncontrollably upstairs. Fuckin iconic, what a ride""
No. Bad ",225f8250ebd445b491b900e4dd697d9a
spotify:track:1TytKeDnrjx0t29DYclf3W,30b57cc424b243c7bb35e87ed10514e8,2025-05-27T12:20:19Z,1,,225f8250ebd445b491b900e4dd697d9a
spotify:track:2JgBVzKUpiMSxPb4H9tbQV,30b57cc424b243c7bb35e87ed10514e8,2025-05-27T12:20:19Z,1,,225f8250ebd445b491b900e4dd697d9a
spotify:track:2kQuhkFX7uSVepCD3h29g5,30b57cc424b243c7bb35e87ed10514e8,2025-05-27T12:20:19Z,0,Akon is invited to the Boudoir. Eminem is not.,225f8250ebd445b491b900e4dd697d9a
spotify:track:3YUC6sdWjRHqBmD48Bb3ya,30b57cc424b243c7bb35e87ed10514e8,2025-05-27T12:20:19Z,1,The album art on this is incredible,225f8250ebd445b491b900e4dd697d9a
spotify:track:5Cx5i2VoIBnkFdVfAEVWUy,30b57cc424b243c7bb35e87ed10514e8,2025-05-27T12:20:19Z,1,,225f8250ebd445b491b900e4dd697d9a
spotify:track:6WUeQiXtr5KQB4RT4fbr63,30b57cc424b243c7bb35e87ed10514e8,2025-05-27T12:20:19Z,-1,,225f8250ebd445b491b900e4dd697d9a
spotify:track:741OE401HO7ZCaPhEqCZ7w,30b57cc424b243c7bb35e87ed10514e8,2025-05-27T12:20:19Z,1,,225f8250ebd445b491b900e4dd697d9a
spotify:track:77eVngZmeOMckhdBGU2rHl,30b57cc424b243c7bb35e87ed10514e8,2025-05-27T12:20:19Z,1,,225f8250ebd445b491b900e4dd697d9a
spotify:track:7IEor9fMKyXvn7fj6kKPeR,30b57cc424b243c7bb35e87ed10514e8,2025-05-27T12:20:19Z,1,,225f8250ebd445b491b900e4dd697d9a
spotify:track:7qXu5zUjLP4ZAP12QOZRX5,30b57cc424b243c7bb35e87ed10514e8,2025-05-27T12:20:19Z,2,,225f8250ebd445b491b900e4dd697d9a
spotify:track:7vmcxRnWa5xSimLHbUXhcZ,30b57cc424b243c7bb35e87ed10514e8,2025-05-27T12:20:19Z,1,,225f8250ebd445b491b900e4dd697d9a
spotify:track:0Spvz62wfYNIU3ZFYGRqvG,75aaeba84d0d4a42b07bae957a99f791,2025-05-27T16:05:58Z,1,,225f8250ebd445b491b900e4dd697d9a
spotify:track:1JGGsCZ9zhgPJIsPy0pwt9,75aaeba84d0d4a42b07bae957a99f791,2025-05-27T16:05:58Z,-1,,225f8250ebd445b491b900e4dd697d9a
spotify:track:1TytKeDnrjx0t29DYclf3W,75aaeba84d0d4a42b07bae957a99f791,2025-05-27T16:05:58Z,2,,225f8250ebd445b491b900e4dd697d9a
spotify:track:2kQuhkFX7uSVepCD3h29g5,75aaeba84d0d4a42b07bae957a99f791,2025-05-27T16:05:58Z,-1,,225f8250ebd445b491b900e4dd697d9a
spotify:track:2YC0oTQhwtJPW3Xb4EuVi7,75aaeba84d0d4a42b07bae957a99f791,2025-05-27T16:05:58Z,1,,225f8250ebd445b491b900e4dd697d9a
spotify:track:3YUC6sdWjRHqBmD48Bb3ya,75aaeba84d0d4a42b07bae957a99f791,2025-05-27T16:05:58Z,2,,225f8250ebd445b491b900e4dd697d9a
spotify:track:5CdJveJgiGXoGwDFqF6afp,75aaeba84d0d4a42b07bae957a99f791,2025-05-27T16:05:58Z,1,,225f8250ebd445b491b900e4dd697d9a
spotify:track:5Cx5i2VoIBnkFdVfAEVWUy,75aaeba84d0d4a42b07bae957a99f791,2025-05-27T16:05:58Z,2,,225f8250ebd445b491b900e4dd697d9a
spotify:track:7qXu5zUjLP4ZAP12QOZRX5,75aaeba84d0d4a42b07bae957a99f791,2025-05-27T16:05:58Z,1,,225f8250ebd445b491b900e4dd697d9a
spotify:track:1JGGsCZ9zhgPJIsPy0pwt9,005c1f592f01474a868c991fd8294593,2025-05-27T19:31:01Z,-1,I don't regret visiting this link. This was a real risk/reward dilemma. Song is terrible.,225f8250ebd445b491b900e4dd697d9a
spotify:track:2JgBVzKUpiMSxPb4H9tbQV,005c1f592f01474a868c991fd8294593,2025-05-27T19:31:01Z,1,I'm not feeling boudoir with male vocalism but it is a great song.,225f8250ebd445b491b900e4dd697d9a
spotify:track:3PlQ7nKvyX9Da10AsYBm7c,005c1f592f01474a868c991fd8294593,2025-05-27T19:31:01Z,2,,225f8250ebd445b491b900e4dd697d9a
spotify:track:43sNw9nvGYGLYnNiwI8oMZ,005c1f592f01474a868c991fd8294593,2025-05-27T19:31:01Z,0,This song would fail a dinner party.,225f8250ebd445b491b900e4dd697d9a
spotify:track:5w50cKPaeHmCbC3eO1Vn2T,005c1f592f01474a868c991fd8294593,2025-05-27T19:31:01Z,2,"I mean, fuck, Peaches found someone to make her music even hornier. ",225f8250ebd445b491b900e4dd697d9a
spotify:track:6WUeQiXtr5KQB4RT4fbr63,005c1f592f01474a868c991fd8294593,2025-05-27T19:31:01Z,-1,,225f8250ebd445b491b900e4dd697d9a
spotify:track:77eVngZmeOMckhdBGU2rHl,005c1f592f01474a868c991fd8294593,2025-05-27T19:31:01Z,3,Two points for finding a quintessential example of the genre.,225f8250ebd445b491b900e4dd697d9a
spotify:track:7IEor9fMKyXvn7fj6kKPeR,005c1f592f01474a868c991fd8294593,2025-05-27T19:31:01Z,1,,225f8250ebd445b491b900e4dd697d9a
spotify:track:7qXu5zUjLP4ZAP12QOZRX5,005c1f592f01474a868c991fd8294593,2025-05-27T19:31:01Z,1,"Baby, you had me at wailing saxophone intro. ",225f8250ebd445b491b900e4dd697d9a
spotify:track:0nghE8iUqF4SkTaMqQNxiG,2cb5e7dcadc846b4bb172ff2181acaea,2025-05-28T00:14:28Z,1,"A classic, tho I prefer to play it while driving around in early summer to incept everyone",225f8250ebd445b491b900e4dd697d9a
spotify:track:0Spvz62wfYNIU3ZFYGRqvG,2cb5e7dcadc846b4bb172ff2181acaea,2025-05-28T00:14:28Z,0,"Bout as close as a country song’s gonna get, but I’d leave that Mandrell Sisters poster up just in case",225f8250ebd445b491b900e4dd697d9a
spotify:track:1JGGsCZ9zhgPJIsPy0pwt9,2cb5e7dcadc846b4bb172ff2181acaea,2025-05-28T00:14:28Z,0,“She recognised this and asked me to stop.”,225f8250ebd445b491b900e4dd697d9a
spotify:track:2YC0oTQhwtJPW3Xb4EuVi7,2cb5e7dcadc846b4bb172ff2181acaea,2025-05-28T00:14:28Z,1,,225f8250ebd445b491b900e4dd697d9a
spotify:track:3PlQ7nKvyX9Da10AsYBm7c,2cb5e7dcadc846b4bb172ff2181acaea,2025-05-28T00:14:28Z,2,,225f8250ebd445b491b900e4dd697d9a
spotify:track:3YUC6sdWjRHqBmD48Bb3ya,2cb5e7dcadc846b4bb172ff2181acaea,2025-05-28T00:14:28Z,2,,225f8250ebd445b491b900e4dd697d9a
spotify:track:6WUeQiXtr5KQB4RT4fbr63,2cb5e7dcadc846b4bb172ff2181acaea,2025-05-28T00:14:28Z,-2,"C’mon, we’re tryin to make love over here",225f8250ebd445b491b900e4dd697d9a
spotify:track:7IEor9fMKyXvn7fj6kKPeR,2cb5e7dcadc846b4bb172ff2181acaea,2025-05-28T00:14:28Z,2,,225f8250ebd445b491b900e4dd697d9a
spotify:track:7vmcxRnWa5xSimLHbUXhcZ,2cb5e7dcadc846b4bb172ff2181acaea,2025-05-28T00:14:28Z,2,,225f8250ebd445b491b900e4dd697d9a
spotify:track:07qj9w93jk1eA2TGAd6kxj,53cd0cfc1b654a4ab26e98257d6d6d2d,2025-05-28T00:36:19Z,1,Good,225f8250ebd445b491b900e4dd697d9a
spotify:track:1JGGsCZ9zhgPJIsPy0pwt9,53cd0cfc1b654a4ab26e98257d6d6d2d,2025-05-28T00:36:19Z,2,"Alli thought she recognized it, finally remembered it from TikTok and laughed really hard. Also a solid pick IMO.",225f8250ebd445b491b900e4dd697d9a
spotify:track:1TytKeDnrjx0t29DYclf3W,53cd0cfc1b654a4ab26e98257d6d6d2d,2025-05-28T00:36:19Z,2,,225f8250ebd445b491b900e4dd697d9a
spotify:track:2kQuhkFX7uSVepCD3h29g5,53cd0cfc1b654a4ab26e98257d6d6d2d,2025-05-28T00:36:19Z,-1,-1 for Eminem. He is not sexy to me.,225f8250ebd445b491b900e4dd697d9a
spotify:track:3PlQ7nKvyX9Da10AsYBm7c,53cd0cfc1b654a4ab26e98257d6d6d2d,2025-05-28T00:36:19Z,1,,225f8250ebd445b491b900e4dd697d9a
spotify:track:5CdJveJgiGXoGwDFqF6afp,53cd0cfc1b654a4ab26e98257d6d6d2d,2025-05-28T00:36:19Z,0,I couldn’t quite go there,225f8250ebd445b491b900e4dd697d9a
spotify:track:6aLmvz0CPeCNHCXK2H5QIC,53cd0cfc1b654a4ab26e98257d6d6d2d,2025-05-28T00:36:19Z,-1,,225f8250ebd445b491b900e4dd697d9a
spotify:track:6WUeQiXtr5KQB4RT4fbr63,53cd0cfc1b654a4ab26e98257d6d6d2d,2025-05-28T00:36:19Z,1,One point because Alli was here to hear it.,225f8250ebd445b491b900e4dd697d9a
spotify:track:77eVngZmeOMckhdBGU2rHl,53cd0cfc1b654a4ab26e98257d6d6d2d,2025-05-28T00:36:19Z,1,I was looking into this and other Serge Gainsbourg sings. Glad someone went with it.,225f8250ebd445b491b900e4dd697d9a
spotify:track:7qXu5zUjLP4ZAP12QOZRX5,53cd0cfc1b654a4ab26e98257d6d6d2d,2025-05-28T00:36:19Z,2,Yeah ,225f8250ebd445b491b900e4dd697d9a
spotify:track:0IaiJbZebXLqfetAkMEZzU,d1e35e072eec44ccacb5f5176160ecf6,2025-05-28T00:55:31Z,2,,225f8250ebd445b491b900e4dd697d9a
spotify:track:1JGGsCZ9zhgPJIsPy0pwt9,d1e35e072eec44ccacb5f5176160ecf6,2025-05-28T00:55:31Z,0,"Pretty funny, but we JUST talked about shortening our tracking urls didn’t we",225f8250ebd445b491b900e4dd697d9a
spotify:track:1TytKeDnrjx0t29DYclf3W,d1e35e072eec44ccacb5f5176160ecf6,2025-05-28T00:55:31Z,1,Some ideas for the return to DnD here,225f8250ebd445b491b900e4dd697d9a
spotify:track:2JgBVzKUpiMSxPb4H9tbQV,d1e35e072eec44ccacb5f5176160ecf6,2025-05-28T00:55:31Z,2,,225f8250ebd445b491b900e4dd697d9a
spotify:track:2YC0oTQhwtJPW3Xb4EuVi7,d1e35e072eec44ccacb5f5176160ecf6,2025-05-28T00:55:31Z,2,,225f8250ebd445b491b900e4dd697d9a
spotify:track:6WUeQiXtr5KQB4RT4fbr63,d1e35e072eec44ccacb5f5176160ecf6,2025-05-28T00:55:31Z,-1,,225f8250ebd445b491b900e4dd697d9a
spotify:track:741OE401HO7ZCaPhEqCZ7w,d1e35e072eec44ccacb5f5176160ecf6,2025-05-28T00:55:31Z,-1,,225f8250ebd445b491b900e4dd697d9a
spotify:track:77eVngZmeOMckhdBGU2rHl,d1e35e072eec44ccacb5f5176160ecf6,2025-05-28T00:55:31Z,1,,225f8250ebd445b491b900e4dd697d9a
spotify:track:7DfFc7a6Rwfi3YQMRbDMau,d1e35e072eec44ccacb5f5176160ecf6,2025-05-28T00:55:31Z,1,,225f8250ebd445b491b900e4dd697d9a
spotify:track:7vmcxRnWa5xSimLHbUXhcZ,d1e35e072eec44ccacb5f5176160ecf6,2025-05-28T00:55:31Z,1,,225f8250ebd445b491b900e4dd697d9a
spotify:track:07qj9w93jk1eA2TGAd6kxj,cee72f0860f3446ba0b479dd918807be,2025-05-28T01:18:29Z,1,,225f8250ebd445b491b900e4dd697d9a
spotify:track:0Spvz62wfYNIU3ZFYGRqvG,cee72f0860f3446ba0b479dd918807be,2025-05-28T01:18:29Z,2,,225f8250ebd445b491b900e4dd697d9a
spotify:track:2JgBVzKUpiMSxPb4H9tbQV,cee72f0860f3446ba0b479dd918807be,2025-05-28T01:18:29Z,1,,225f8250ebd445b491b900e4dd697d9a
spotify:track:2YC0oTQhwtJPW3Xb4EuVi7,cee72f0860f3446ba0b479dd918807be,2025-05-28T01:18:29Z,-1,,225f8250ebd445b491b900e4dd697d9a
spotify:track:3PlQ7nKvyX9Da10AsYBm7c,cee72f0860f3446ba0b479dd918807be,2025-05-28T01:18:29Z,1,,225f8250ebd445b491b900e4dd697d9a
spotify:track:3YUC6sdWjRHqBmD48Bb3ya,cee72f0860f3446ba0b479dd918807be,2025-05-28T01:18:29Z,1,,225f8250ebd445b491b900e4dd697d9a
spotify:track:5Cx5i2VoIBnkFdVfAEVWUy,cee72f0860f3446ba0b479dd918807be,2025-05-28T01:18:29Z,2,,225f8250ebd445b491b900e4dd697d9a
spotify:track:5w50cKPaeHmCbC3eO1Vn2T,cee72f0860f3446ba0b479dd918807be,2025-05-28T01:18:29Z,1,,225f8250ebd445b491b900e4dd697d9a
spotify:track:77eVngZmeOMckhdBGU2rHl,cee72f0860f3446ba0b479dd918807be,2025-05-28T01:18:29Z,1,,225f8250ebd445b491b900e4dd697d9a
spotify:track:7qXu5zUjLP4ZAP12QOZRX5,cee72f0860f3446ba0b479dd918807be,2025-05-28T01:18:29Z,-1,,225f8250ebd445b491b900e4dd697d9a
spotify:track:09kr1ZVtvs1kX3yaHeRgA9,005c1f592f01474a868c991fd8294593,2025-06-02T19:11:11Z,1,,c0fc1b1bbaeb41caaa3a16b54483e76b
spotify:track:0edBQFFaZdj7ly3e5Af1mJ,005c1f592f01474a868c991fd8294593,2025-06-02T19:11:11Z,2,What a song what a song what a song,c0fc1b1bbaeb41caaa3a16b54483e76b
spotify:track:1pBPVzChJfeySTkqCfozDZ,005c1f592f01474a868c991fd8294593,2025-06-02T19:11:11Z,1,,c0fc1b1bbaeb41caaa3a16b54483e76b
spotify:track:2D3b8bnREsBSFTErv2le8x,005c1f592f01474a868c991fd8294593,2025-06-02T19:11:11Z,0,Spotify has been pushing this on my Release Radar for weeks. ,c0fc1b1bbaeb41caaa3a16b54483e76b
spotify:track:3jAqtv3axuQ4lYz7v5h9MW,005c1f592f01474a868c991fd8294593,2025-06-02T19:11:11Z,1,You finally found a way to get me to vote for Steely Dan.,c0fc1b1bbaeb41caaa3a16b54483e76b
spotify:track:3YUacjGhqQptDlWUzftaIB,005c1f592f01474a868c991fd8294593,2025-06-02T19:11:11Z,1,,c0fc1b1bbaeb41caaa3a16b54483e76b
spotify:track:4FVHwGJVAJXiVjeujci15f,005c1f592f01474a868c991fd8294593,2025-06-02T19:11:11Z,1,,c0fc1b1bbaeb41caaa3a16b54483e76b
spotify:track:5DQFjLWTW7AGqaPLdeXCTz,005c1f592f01474a868c991fd8294593,2025-06-02T19:11:11Z,2,Soundgarden sentiments meets Fleetwood licks. ,c0fc1b1bbaeb41caaa3a16b54483e76b
spotify:track:6Y26cFvFKVBm8rKZCyT3gu,005c1f592f01474a868c991fd8294593,2025-06-02T19:11:11Z,1,How many of us identify with this track?,c0fc1b1bbaeb41caaa3a16b54483e76b
spotify:track:6zzj3DgwF0qL31dTwVOt3n,005c1f592f01474a868c991fd8294593,2025-06-02T19:11:11Z,-1,,c0fc1b1bbaeb41caaa3a16b54483e76b
spotify:track:7kOMpFK3lFZbB3e06XccF3,005c1f592f01474a868c991fd8294593,2025-06-02T19:11:11Z,-1,,c0fc1b1bbaeb41caaa3a16b54483e76b
spotify:track:09kr1ZVtvs1kX3yaHeRgA9,30b57cc424b243c7bb35e87ed10514e8,2025-06-03T22:01:04Z,2,,c0fc1b1bbaeb41caaa3a16b54483e76b
spotify:track:0edBQFFaZdj7ly3e5Af1mJ,30b57cc424b243c7bb35e87ed10514e8,2025-06-03T22:01:04Z,2,,c0fc1b1bbaeb41caaa3a16b54483e76b
spotify:track:0Hl5gfxuTN16XQ2RpmGUNN,30b57cc424b243c7bb35e87ed10514e8,2025-06-03T22:01:04Z,1,,c0fc1b1bbaeb41caaa3a16b54483e76b
spotify:track:1pBPVzChJfeySTkqCfozDZ,30b57cc424b243c7bb35e87ed10514e8,2025-06-03T22:01:04Z,1,"Just is only getting one vote for his College Classics, and I haven't listened to this on many years",c0fc1b1bbaeb41caaa3a16b54483e76b
spotify:track:2BfXUucftFmZ9jCGQWYH34,30b57cc424b243c7bb35e87ed10514e8,2025-06-03T22:01:04Z,-1,,c0fc1b1bbaeb41caaa3a16b54483e76b
spotify:track:3jAqtv3axuQ4lYz7v5h9MW,30b57cc424b243c7bb35e87ed10514e8,2025-06-03T22:01:04Z,0,This is not my jam ,c0fc1b1bbaeb41caaa3a16b54483e76b
spotify:track:3YUacjGhqQptDlWUzftaIB,30b57cc424b243c7bb35e87ed10514e8,2025-06-03T22:01:04Z,1,,c0fc1b1bbaeb41caaa3a16b54483e76b
spotify:track:4ErB49XA8xwv3P3tYtr3zh,30b57cc424b243c7bb35e87ed10514e8,2025-06-03T22:01:04Z,1,,c0fc1b1bbaeb41caaa3a16b54483e76b
spotify:track:4FVHwGJVAJXiVjeujci15f,30b57cc424b243c7bb35e87ed10514e8,2025-06-03T22:01:04Z,2,,c0fc1b1bbaeb41caaa3a16b54483e76b
spotify:track:7kOMpFK3lFZbB3e06XccF3,30b57cc424b243c7bb35e87ed10514e8,2025-06-03T22:01:04Z,-1,,c0fc1b1bbaeb41caaa3a16b54483e76b
spotify:track:0edBQFFaZdj7ly3e5Af1mJ,53cd0cfc1b654a4ab26e98257d6d6d2d,2025-06-03T22:06:41Z,1,,c0fc1b1bbaeb41caaa3a16b54483e76b
spotify:track:0YdUVABXvtsL3XjklvYj3Q,53cd0cfc1b654a4ab26e98257d6d6d2d,2025-06-03T22:06:41Z,2,,c0fc1b1bbaeb41caaa3a16b54483e76b
spotify:track:1eqfEgDjxtCu8RBnEdg3bT,53cd0cfc1b654a4ab26e98257d6d6d2d,2025-06-03T22:06:41Z,2,,c0fc1b1bbaeb41caaa3a16b54483e76b
spotify:track:3YUacjGhqQptDlWUzftaIB,53cd0cfc1b654a4ab26e98257d6d6d2d,2025-06-03T22:06:41Z,2,,c0fc1b1bbaeb41caaa3a16b54483e76b
spotify:track:4ErB49XA8xwv3P3tYtr3zh,53cd0cfc1b654a4ab26e98257d6d6d2d,2025-06-03T22:06:41Z,1,,c0fc1b1bbaeb41caaa3a16b54483e76b
spotify:track:5DQFjLWTW7AGqaPLdeXCTz,53cd0cfc1b654a4ab26e98257d6d6d2d,2025-06-03T22:06:41Z,1,,c0fc1b1bbaeb41caaa3a16b54483e76b
spotify:track:6Y26cFvFKVBm8rKZCyT3gu,53cd0cfc1b654a4ab26e98257d6d6d2d,2025-06-03T22:06:41Z,-2,,c0fc1b1bbaeb41caaa3a16b54483e76b
spotify:track:7Lo2jmR4WJSihrhRw38w9T,53cd0cfc1b654a4ab26e98257d6d6d2d,2025-06-03T22:06:41Z,1,,c0fc1b1bbaeb41caaa3a16b54483e76b
spotify:track:0Hl5gfxuTN16XQ2RpmGUNN,75aaeba84d0d4a42b07bae957a99f791,2025-06-04T00:09:04Z,1,,c0fc1b1bbaeb41caaa3a16b54483e76b
spotify:track:1eqfEgDjxtCu8RBnEdg3bT,75aaeba84d0d4a42b07bae957a99f791,2025-06-04T00:09:04Z,1,,c0fc1b1bbaeb41caaa3a16b54483e76b
spotify:track:1pBPVzChJfeySTkqCfozDZ,75aaeba84d0d4a42b07bae957a99f791,2025-06-04T00:09:04Z,2,,c0fc1b1bbaeb41caaa3a16b54483e76b
spotify:track:374Sr1nH1xgmyZ64T7moNY,75aaeba84d0d4a42b07bae957a99f791,2025-06-04T00:09:04Z,2,,c0fc1b1bbaeb41caaa3a16b54483e76b
spotify:track:4ErB49XA8xwv3P3tYtr3zh,75aaeba84d0d4a42b07bae957a99f791,2025-06-04T00:09:04Z,2,,c0fc1b1bbaeb41caaa3a16b54483e76b
spotify:track:4FVHwGJVAJXiVjeujci15f,75aaeba84d0d4a42b07bae957a99f791,2025-06-04T00:09:04Z,-1,,c0fc1b1bbaeb41caaa3a16b54483e76b
spotify:track:4OyOEnSzlZGOW9TYjccBkg,75aaeba84d0d4a42b07bae957a99f791,2025-06-04T00:09:04Z,-1,,c0fc1b1bbaeb41caaa3a16b54483e76b
spotify:track:6BI2GDwlQV32JZLgYPMlFM,75aaeba84d0d4a42b07bae957a99f791,2025-06-04T00:09:04Z,1,,c0fc1b1bbaeb41caaa3a16b54483e76b
spotify:track:6zzj3DgwF0qL31dTwVOt3n,75aaeba84d0d4a42b07bae957a99f791,2025-06-04T00:09:04Z,1,,c0fc1b1bbaeb41caaa3a16b54483e76b
spotify:track:0edBQFFaZdj7ly3e5Af1mJ,2cb5e7dcadc846b4bb172ff2181acaea,2025-06-04T00:42:14Z,1,,c0fc1b1bbaeb41caaa3a16b54483e76b
spotify:track:0YdUVABXvtsL3XjklvYj3Q,2cb5e7dcadc846b4bb172ff2181acaea,2025-06-04T00:42:14Z,-1,Turns out it’s hard to write a B-52s song ,c0fc1b1bbaeb41caaa3a16b54483e76b
spotify:track:1pBPVzChJfeySTkqCfozDZ,2cb5e7dcadc846b4bb172ff2181acaea,2025-06-04T00:42:14Z,1,,c0fc1b1bbaeb41caaa3a16b54483e76b
spotify:track:374Sr1nH1xgmyZ64T7moNY,2cb5e7dcadc846b4bb172ff2181acaea,2025-06-04T00:42:14Z,1,,c0fc1b1bbaeb41caaa3a16b54483e76b
spotify:track:3YUacjGhqQptDlWUzftaIB,2cb5e7dcadc846b4bb172ff2181acaea,2025-06-04T00:42:14Z,1,,c0fc1b1bbaeb41caaa3a16b54483e76b
spotify:track:5DQFjLWTW7AGqaPLdeXCTz,2cb5e7dcadc846b4bb172ff2181acaea,2025-06-04T00:42:14Z,4,,c0fc1b1bbaeb41caaa3a16b54483e76b
spotify:track:6BI2GDwlQV32JZLgYPMlFM,2cb5e7dcadc846b4bb172ff2181acaea,2025-06-04T00:42:14Z,0,"Weird ending, mostly liked it",c0fc1b1bbaeb41caaa3a16b54483e76b
spotify:track:6zzj3DgwF0qL31dTwVOt3n,2cb5e7dcadc846b4bb172ff2181acaea,2025-06-04T00:42:14Z,2,,c0fc1b1bbaeb41caaa3a16b54483e76b
spotify:track:7kOMpFK3lFZbB3e06XccF3,2cb5e7dcadc846b4bb172ff2181acaea,2025-06-04T00:42:14Z,-1,Hated it less the second time,c0fc1b1bbaeb41caaa3a16b54483e76b
spotify:track:0edBQFFaZdj7ly3e5Af1mJ,d1e35e072eec44ccacb5f5176160ecf6,2025-06-04T01:00:03Z,2,,c0fc1b1bbaeb41caaa3a16b54483e76b
spotify:track:0YdUVABXvtsL3XjklvYj3Q,d1e35e072eec44ccacb5f5176160ecf6,2025-06-04T01:00:03Z,1,,c0fc1b1bbaeb41caaa3a16b54483e76b
spotify:track:1eqfEgDjxtCu8RBnEdg3bT,d1e35e072eec44ccacb5f5176160ecf6,2025-06-04T01:00:03Z,0,Never tell future Elliot I sang this to him ,c0fc1b1bbaeb41caaa3a16b54483e76b
spotify:track:2D3b8bnREsBSFTErv2le8x,d1e35e072eec44ccacb5f5176160ecf6,2025-06-04T01:00:03Z,0,I know a couple of you already listen to a lot of TFS and my argument for you is: hey the new single is good!,c0fc1b1bbaeb41caaa3a16b54483e76b
spotify:track:374Sr1nH1xgmyZ64T7moNY,d1e35e072eec44ccacb5f5176160ecf6,2025-06-04T01:00:03Z,2,Makes me nostalgic for my most absurd election deployment,c0fc1b1bbaeb41caaa3a16b54483e76b
spotify:track:3YUacjGhqQptDlWUzftaIB,d1e35e072eec44ccacb5f5176160ecf6,2025-06-04T01:00:03Z,1,"I like it more than 1, but already had it and lots of Caroline Rose in rotation ",c0fc1b1bbaeb41caaa3a16b54483e76b
spotify:track:4ErB49XA8xwv3P3tYtr3zh,d1e35e072eec44ccacb5f5176160ecf6,2025-06-04T01:00:03Z,1,,c0fc1b1bbaeb41caaa3a16b54483e76b
spotify:track:5CwZU4BVFX0dyqG1gKfHHr,d1e35e072eec44ccacb5f5176160ecf6,2025-06-04T01:00:03Z,-1,,c0fc1b1bbaeb41caaa3a16b54483e76b
spotify:track:6BI2GDwlQV32JZLgYPMlFM,d1e35e072eec44ccacb5f5176160ecf6,2025-06-04T01:00:03Z,2,,c0fc1b1bbaeb41caaa3a16b54483e76b
spotify:track:6zzj3DgwF0qL31dTwVOt3n,d1e35e072eec44ccacb5f5176160ecf6,2025-06-04T01:00:03Z,-1,,c0fc1b1bbaeb41caaa3a16b54483e76b
spotify:track:7kOMpFK3lFZbB3e06XccF3,d1e35e072eec44ccacb5f5176160ecf6,2025-06-04T01:00:03Z,1,,c0fc1b1bbaeb41caaa3a16b54483e76b
